<?xml version="1.0" encoding="UTF-8"?>
<mxfile host="app.diagrams.net" modified="2024-04-20T09:37:17.958Z" agent="Mozilla/5.0 (Windows NT 10.0; Win64; x64) AppleWebKit/537.36 (KHTML, like Gecko) Chrome/121.0.0.0 Safari/537.36 OPR/107.0.0.0" etag="Rt3pTU6F147fKQP11I8M" version="24.2.5" type="google">
  <diagram name="vAutentificación" id="03018318-947c-dd8e-b7a3-06fadd420f32">
    <mxGraphModel dx="1633" dy="789" grid="1" gridSize="10" guides="1" tooltips="1" connect="1" arrows="1" fold="1" page="1" pageScale="1" pageWidth="1600" pageHeight="900" background="#ffffff" math="0" shadow="0">
      <root>
        <mxCell id="0" />
        <mxCell id="1" parent="0" />
        <mxCell id="lvhIsKmw_hBSgWIsU05B-8" value="" style="rounded=0;whiteSpace=wrap;html=1;" parent="1" vertex="1">
          <mxGeometry x="390" y="80" width="335" height="450" as="geometry" />
        </mxCell>
        <mxCell id="lvhIsKmw_hBSgWIsU05B-6" value="" style="rounded=1;whiteSpace=wrap;html=1;" parent="1" vertex="1">
          <mxGeometry x="422.5" y="110" width="270" height="390" as="geometry" />
        </mxCell>
        <mxCell id="hui9C4-s8HY-JZNCgwLb-14" value="IMAGEN DE&amp;nbsp;&lt;div&gt;USUARIO&lt;/div&gt;" style="ellipse;whiteSpace=wrap;html=1;aspect=fixed;fillColor=#f5f5f5;fontColor=#333333;strokeColor=#666666;" parent="1" vertex="1">
          <mxGeometry x="492.5" y="143" width="130" height="130" as="geometry" />
        </mxCell>
        <mxCell id="lvhIsKmw_hBSgWIsU05B-9" value="Usuario..." style="rounded=0;whiteSpace=wrap;html=1;align=left;" parent="1" vertex="1">
          <mxGeometry x="452.5" y="300" width="210" height="30" as="geometry" />
        </mxCell>
        <mxCell id="lvhIsKmw_hBSgWIsU05B-10" value="Contraseña..." style="rounded=0;whiteSpace=wrap;html=1;align=left;" parent="1" vertex="1">
          <mxGeometry x="452.5" y="348" width="177.5" height="30" as="geometry" />
        </mxCell>
        <mxCell id="lvhIsKmw_hBSgWIsU05B-11" value="ENTRAR" style="rounded=1;whiteSpace=wrap;html=1;" parent="1" vertex="1">
          <mxGeometry x="442.5" y="425" width="230" height="50" as="geometry" />
        </mxCell>
        <mxCell id="hui9C4-s8HY-JZNCgwLb-18" value="" style="ellipse;whiteSpace=wrap;html=1;" parent="1" vertex="1">
          <mxGeometry x="637.5" y="358" width="20" height="10" as="geometry" />
        </mxCell>
        <mxCell id="hui9C4-s8HY-JZNCgwLb-19" value="" style="ellipse;whiteSpace=wrap;html=1;aspect=fixed;" parent="1" vertex="1">
          <mxGeometry x="642.5" y="358" width="10" height="10" as="geometry" />
        </mxCell>
      </root>
    </mxGraphModel>
  </diagram>
</mxfile>
