<?xml version="1.0" encoding="UTF-8"?>
<project-private xmlns="http://www.netbeans.org/ns/project-private/1">
    <editor-bookmarks xmlns="http://www.netbeans.org/ns/editor-bookmarks/1"/>
    <editor-bookmarks xmlns="http://www.netbeans.org/ns/editor-bookmarks/2" lastBookmarkId="0"/>
    <open-files xmlns="http://www.netbeans.org/ns/projectui-open-files/2">
        <group>
            <file>file:/home/alumnogreibd/BDII/Biblioteca/src/gui/VPrincipal.java</file>
            <file>file:/home/alumnogreibd/BDII/Biblioteca/src/aplicacion/TipoUsuario.java</file>
            <file>file:/home/alumnogreibd/BDII/Biblioteca/src/aplicacion/FachadaAplicacion.java</file>
            <file>file:/home/alumnogreibd/BDII/Biblioteca/src/gui/VLibro.java</file>
            <file>file:/home/alumnogreibd/BDII/Biblioteca/src/aplicacion/Libro.java</file>
            <file>file:/home/alumnogreibd/BDII/Biblioteca/src/gui/FachadaGui.java</file>
            <file>file:/home/alumnogreibd/BDII/Biblioteca/src/aplicacion/Usuario.java</file>
            <file>file:/home/alumnogreibd/BDII/Biblioteca/src/baseDatos/DAOLibros.java</file>
            <file>file:/home/alumnogreibd/BDII/Biblioteca/src/gui/ModeloPrestamos.java</file>
            <file>file:/home/alumnogreibd/BDII/Biblioteca/src/gui/VPrestar.java</file>
            <file>file:/home/alumnogreibd/BDII/Biblioteca/src/aplicacion/GesionLibros.java</file>
            <file>file:/home/alumnogreibd/BDII/Biblioteca/src/baseDatos/AbstractDAO.java</file>
            <file>file:/home/alumnogreibd/BDII/Biblioteca/src/aplicacion/Ejemplar.java</file>
            <file>file:/home/alumnogreibd/BDII/Biblioteca/src/baseDatos/FachadaBaseDatos.java</file>
            <file>file:/home/alumnogreibd/BDII/Biblioteca/src/gui/ModeloTablaEjemplares.java</file>
            <file>file:/home/alumnogreibd/BDII/Biblioteca/src/aplicacion/GestionUsuarios.java</file>
            <file>file:/home/alumnogreibd/BDII/Biblioteca/src/baseDatos/DAOUsuarios.java</file>
        </group>
    </open-files>
</project-private>
